# EMPLOYEES
INSERT INTO EMPLOYEEchip (firstname,lastname,position,lastworked,email) VALUES ("May","b","Server",curdate() , "mayb@batman.com") ;
INSERT INTO EMPLOYEEchip (firstname,lastname,position,lastworked,email) VALUES ("Paul","W","Supervisor",curdate() ,"paulw@batman.com" );
INSERT INTO EMPLOYEEchip (firstname,lastname,position,lastworked,email) VALUES ("Ken","C","Busboy",curdate(), "kenc@batman.com");
INSERT INTO EMPLOYEEchip (firstname,lastname,position,lastworked,email) VALUES ("Phuc","N","Server",curdate() , "phucn@batman.com");
INSERT INTO EMPLOYEEchip (firstname,lastname,position,lastworked,email) VALUES ("Kate","v","Server",curdate(), "katev@batman.com");

# FOOD

INSERT INTO MENUchip (itemName, description,price,type) VALUES ("Spring Rolls","A fresh spring rolls with pork and shrimp",6.5,"food");
INSERT INTO MENUchip (itemName, description,price,type) VALUES ("Crispy Imperial Rolls","Deep fried cripsy rolls with pork and carrot",6.5,"food");
INSERT INTO MENUchip (itemName, description,price,type) VALUES ("Crispy Crepe","Fried and crispy creep, eat with fish sauce",8.5,"food");
INSERT INTO MENUchip (itemName, description,price,type) VALUES ("Salt and Pepper Calamari","Stir-fried calarami with salt and pepper",9.5,"food");
INSERT INTO MENUchip (itemName, description,price,type) VALUES ("Shrimp Cake","Deep fried shrimp cake with outer tofu layer",7.5,"food");
INSERT INTO MENUchip (itemName, description,price,type) VALUES ("Steak Noodle Soup","Traditional Vietnamese soup called Pho with thin layer of steak on top of rice noodle and delicious beef broth",9.5,"food");
INSERT INTO MENUchip (itemName, description,price,type) VALUES ("Brisket Noodle Soup","Traditional Vietnamese soup called Pho with thin layer of brisket on top of rice noodle and delicious beef broth",9.5,"food");
INSERT INTO MENUchip (itemName, description,price,type) VALUES ("Steak and Meatball Noodle Soup","Traditional Vietnamese soup called Pho with thin layer of steak combined with meatballs on top of rice noodle and delicious beef broth",12.5,"food");

INSERT INTO MENUchip (itemName, description,price,type) VALUES ("Shaking Beef","Stir fried beef with house special sauce, lettuce and tomato",19.5,"food");
INSERT INTO MENUchip (itemName, description,price,type) VALUES ("Basil Eggplant with Chicken","Stir fried basil with eggplant in house special sauce with chicken",13.5,"food");
INSERT INTO MENUchip (itemName, description,price,type) VALUES ("House Curry Chicken","Stir fried chicken and curry flavor deep in coconut milk sauce",12.5,"food");
INSERT INTO MENUchip (itemName, description,price,type) VALUES ("House Special Chicken","Deep fried marinated chicken then get stir fried with house special chili sauce",13.5,"food");
INSERT INTO MENUchip (itemName, description,price,type) VALUES ("Spicy Lemongrass Beef","Stir fried beef with lemongrass and chili in house special sauce",14.5,"food");

INSERT INTO MENUchip (itemName, description,price,type) VALUES ("Tofu Panfried Rice Noodle","Pan fried noodle with tofu and stired fried vegetable",10.5,"food");
INSERT INTO MENUchip (itemName, description,price,type) VALUES ("Mixed Vegetable With Tofu","Stir Fried tofu with vegetable",10.5,"food");
INSERT INTO menuchip (itemName, description,price,type) VALUES ("Salt and Pepper Tofu","Deep fried tofu then get stir fried with chili pepper and pepper and salt",9.5,"food");
INSERT INTO menuchip (itemName, description,price,type) VALUES ("Crispy Egg Noodle with Vegetable and Tofu","Deep fried egg noodle served with stir fried vegetable and tofu on top",10.5,"food");

# DRINK
INSERT INTO MENUchip (itemName, description,price,type) VALUES ("Sprite","sprite",2.5,"beverage");
INSERT INTO MENUchip (itemName, description,price,type) VALUES ("Coke","Coke",2.5,"beverage");
INSERT INTO menuchip (itemName, description,price,type) VALUES ("Freshly Squeeze Lemonade","Freshly squeezed lemonade",3.9,"beverage");
INSERT INTO MENUchip (itemName, description,price,type) VALUES ("Thai ice tea","Black Thai tea served cold with half and half milk",3.95,"beverage");
INSERT INTO MENUchip (itemName, description,price,type) VALUES ("Strawberry Lemonade","Freshly squeezed lemonade served cold with blended strawberry",4.95,"beverage");

INSERT INTO MENUchip (itemName, description,price,type) VALUES ("Saigon Beer","Imported Saigon Beer from Vietnam, strong in flavor and color",3.95,"beverage");
INSERT INTO MENUchip (itemName, description,price,type) VALUES ("Corona","Imported Beer from Mexico",3.95,"beverage");
INSERT INTO MENUchip (itemName, description,price,type) VALUES ("Affligen Blonde","Yellow beer bottle from Argentina",4.25,"beverage");

INSERT INTO MENUchip (itemName, description,price,type) VALUES ("Chardonay, J. Lord","Favorite Chardonay wine in the region",10.5,"beverage");
INSERT INTO MENUchip (itemName, description,price,type) VALUES ("Sauvingon Blanc","Great white wine",8.95,"beverage");
INSERT INTO MENUchip (itemName, description,price,type) VALUES ("Pinor Noir, Educated Guess","Favirote california wine",9.5,"beverage");
INSERT INTO MENUchip (itemName, description,price,type) VALUES ("Cabernet Sauvingnon","Favorite california wine",9.5,"beverage");

# CUSTOMERS

INSERT INTO CUSTOMERchip (firstname,lastname,email) VALUES ("David" ,"T","davidt@gmail.com");
INSERT INTO CUSTOMERchip (firstname,lastname,email) VALUES ("Angelababy" ,"l" , "angelababyl@aol.net");
INSERT INTO CUSTOMERchip (firstname,lastname,email) VALUES ("Ashley" ,"Z","ashleyz@hotmail.com");
INSERT INTO CUSTOMERchip (firstname,lastname,email) VALUES ("Daisy" ,"R","daisyridley@starwars.com");
INSERT INTO CUSTOMERchip (firstname,lastname,email) VALUES ("Mark" ,"H","markhamill@starwars.com");
INSERT INTO CUSTOMERchip (firstname,lastname,email) VALUES ("John" ,"B","johnboyoga@starwars.com");
INSERT INTO CUSTOMERchip (firstname,lastname,email) VALUES ("JJ" ,"Abrams","jjabrams@starwars.com");
INSERT INTO CUSTOMERchip (firstname,lastname,email) VALUES ("Andrew" ,"Kramer","andrewkramer@starwars.com");
INSERT INTO CUSTOMERchip (firstname,lastname,email) VALUES ("Kim" ,"P","kimp@sjsu.edu");
INSERT INTO CUSTOMERchip (firstname,lastname,email) VALUES ("Sami" ,"Khuri","samikhuri@sjsu.edu");
INSERT INTO CUSTOMERchip (firstname,lastname,email) VALUES ("Steve" ,"Jobs","stevejobs@apple.com");
INSERT INTO CUSTOMERchip (firstname,lastname,email) VALUES ("Jon" ,"Nguyen","jon@abc.com");
INSERT INTO CUSTOMERchip (firstname,lastname,email) VALUES ("Phuc" ,"N","phucn@batman.com");



# TABLES
INSERT INTO aTablechip (seats, available,eID) VALUES (4,true ,(select eID FROM EMPLOYEE WHERE email="mayb@batman.com"));
INSERT INTO aTablechip (seats, available,eID) VALUES (1,true, (select eID FROM EMPLOYEE WHERE email="mayb@batman.com"));
INSERT INTO aTablechip (seats, available,eID) VALUES (1,true,(select eID FROM EMPLOYEE WHERE email="mayb@batman.com"));
INSERT INTO aTablechip (seats, available,eID) VALUES (1,true,(select eID FROM EMPLOYEE WHERE email="mayb@batman.com"));
INSERT INTO aTablechip (seats, available,eID) VALUES (2,true,(select eID FROM EMPLOYEE WHERE email="phucn@batman.com"));
INSERT INTO aTablechip (seats, available,eID) VALUES (2,true,(select eID FROM EMPLOYEE WHERE email="phucn@batman.com"));
INSERT INTO aTablechip (seats, available,eID) VALUES (2,true,(select eID FROM EMPLOYEE WHERE email="phucn@batman.com"));
INSERT INTO aTablechip (seats, available,eID) VALUES (2,true,(select eID FROM EMPLOYEE WHERE email="phucn@batman.com"));
INSERT INTO aTablechip (seats, available,eID) VALUES (4,true,(select eID FROM EMPLOYEE WHERE email="phucn@batman.com"));
INSERT INTO aTablechip (seats, available,eID) VALUES (4,true,(select eID FROM EMPLOYEE WHERE email="katev@batman.com"));
INSERT INTO aTablechip (seats, available,eID) VALUES (4,true,(select eID FROM EMPLOYEE WHERE email="katev@batman.com"));
INSERT INTO aTablechip (seats, available,eID) VALUES (4,true,(select eID FROM EMPLOYEE WHERE email="katev@batman.com"));
INSERT INTO aTablechip (seats, available,eID) VALUES (4,true,(select eID FROM EMPLOYEE WHERE email="katev@batman.com"));
INSERT INTO aTablechip (seats, available,eID) VALUES (4,true,(select eID FROM EMPLOYEE WHERE email="katev@batman.com"));


# RATING
INSERT INTO RATINGchip (cID, stars, feedback) VALUES (2, 4,  "Great restaurant with good food and good price");
INSERT INTO RATINGchip (cID, stars, feedback) VALUES (5, 4,  "This has been our second date at this restaurant, great experience. Will come back");
INSERT INTO RATINGchip (cID, stars, feedback) VALUES (8, 5,  "Nice atmosphere, friendly service, great food");
INSERT INTO RATINGchip (cID, stars, feedback) VALUES (4, 5,  "Love the soup, great flavor and good price");

# RESERVATIONS
INSERT INTO RESERVATIONchip (tID, cID, partySize, reservationDate) VALUES (1, 2, 3, curdate());
INSERT INTO RESERVATIONchip (tID, cID, partySize, reservationDate) VALUES (4, 5, 4, curdate());
INSERT INTO RESERVATIONchip (tID, cID, partySize, reservationDate) VALUES (5, 7, 1, curdate());
INSERT INTO RESERVATIONchip (tID, cID, partySize, reservationDate) VALUES (8, 1, 2, curdate());
INSERT INTO RESERVATIONchip (tID, cID, partySize, reservationDate) VALUES (9, 4, 3, curdate());
INSERT INTO RESERVATIONchip (tID, cID, partySize, reservationDate) VALUES (2, 3, 1, curdate()+ INTERVAL 1 DAY); #tmr
INSERT INTO RESERVATIONchip (tID, cID, partySize, reservationDate) VALUES (7, 6, 2, curdate()+ INTERVAL 6 DAY); # 6 days from today
INSERT INTO RESERVATIONchip (tID, cID, partySize, reservationDate) VALUES (10, 8, 4, curdate()+ INTERVAL 2 DAY); # a day after tmr



GEOOOOOOO



# EMPLOYEES
INSERT INTO EMPLOYEEgeo (firstname,lastname,position,lastworked,email) VALUES ("May","b","Server",curdate() , "mayb@batman.com") ;
INSERT INTO EMPLOYEEgeo (firstname,lastname,position,lastworked,email) VALUES ("Paul","W","Supervisor",curdate() ,"paulw@batman.com" );
INSERT INTO EMPLOYEEgeo (firstname,lastname,position,lastworked,email) VALUES ("Ken","C","Busboy",curdate(), "kenc@batman.com");
INSERT INTO EMPLOYEEgeo (firstname,lastname,position,lastworked,email) VALUES ("Phuc","N","Server",curdate() , "phucn@batman.com");
INSERT INTO EMPLOYEEgeo (firstname,lastname,position,lastworked,email) VALUES ("Kate","v","Server",curdate(), "katev@batman.com");

# FOOD

INSERT INTO MENUgeo (itemName, description,price,type) VALUES ("Spring Rolls","A fresh spring rolls with pork and shrimp",6.5,"food");
INSERT INTO MENUgeo (itemName, description,price,type) VALUES ("Crispy Imperial Rolls","Deep fried cripsy rolls with pork and carrot",6.5,"food");
INSERT INTO MENUgeo (itemName, description,price,type) VALUES ("Crispy Crepe","Fried and crispy creep, eat with fish sauce",8.5,"food");
INSERT INTO MENUgeo (itemName, description,price,type) VALUES ("Salt and Pepper Calamari","Stir-fried calarami with salt and pepper",9.5,"food");
INSERT INTO MENUgeo (itemName, description,price,type) VALUES ("Shrimp Cake","Deep fried shrimp cake with outer tofu layer",7.5,"food");
INSERT INTO MENUgeo (itemName, description,price,type) VALUES ("Steak Noodle Soup","Traditional Vietnamese soup called Pho with thin layer of steak on top of rice noodle and delicious beef broth",9.5,"food");
INSERT INTO MENUgeo (itemName, description,price,type) VALUES ("Brisket Noodle Soup","Traditional Vietnamese soup called Pho with thin layer of brisket on top of rice noodle and delicious beef broth",9.5,"food");
INSERT INTO MENUgeo (itemName, description,price,type) VALUES ("Steak and Meatball Noodle Soup","Traditional Vietnamese soup called Pho with thin layer of steak combined with meatballs on top of rice noodle and delicious beef broth",12.5,"food");

INSERT INTO MENUgeo (itemName, description,price,type) VALUES ("Shaking Beef","Stir fried beef with house special sauce, lettuce and tomato",19.5,"food");
INSERT INTO MENUgeo (itemName, description,price,type) VALUES ("Basil Eggplant with Chicken","Stir fried basil with eggplant in house special sauce with chicken",13.5,"food");
INSERT INTO MENUgeo (itemName, description,price,type) VALUES ("House Curry Chicken","Stir fried chicken and curry flavor deep in coconut milk sauce",12.5,"food");
INSERT INTO MENUgeo (itemName, description,price,type) VALUES ("House Special Chicken","Deep fried marinated chicken then get stir fried with house special chili sauce",13.5,"food");
INSERT INTO MENUgeo (itemName, description,price,type) VALUES ("Spicy Lemongrass Beef","Stir fried beef with lemongrass and chili in house special sauce",14.5,"food");

INSERT INTO MENUgeo (itemName, description,price,type) VALUES ("Tofu Panfried Rice Noodle","Pan fried noodle with tofu and stired fried vegetable",10.5,"food");
INSERT INTO MENUgeo (itemName, description,price,type) VALUES ("Mixed Vegetable With Tofu","Stir Fried tofu with vegetable",10.5,"food");
INSERT INTO MENUgeo (itemName, description,price,type) VALUES ("Salt and Pepper Tofu","Deep fried tofu then get stir fried with chili pepper and pepper and salt",9.5,"food");
INSERT INTO MENUgeo (itemName, description,price,type) VALUES ("Crispy Egg Noodle with Vegetable and Tofu","Deep fried egg noodle served with stir fried vegetable and tofu on top",10.5,"food");

# DRINK
INSERT INTO MENUgeo (itemName, description,price,type) VALUES ("Sprite","sprite",2.5,"beverage");
INSERT INTO MENUgeo (itemName, description,price,type) VALUES ("Coke","Coke",2.5,"beverage");
INSERT INTO MENUgeo (itemName, description,price,type) VALUES ("Freshly Squeeze Lemonade","Freshly squeezed lemonade",3.9,"beverage");
INSERT INTO MENUgeo (itemName, description,price,type) VALUES ("Thai ice tea","Black Thai tea served cold with half and half milk",3.95,"beverage");
INSERT INTO MENUgeo (itemName, description,price,type) VALUES ("Strawberry Lemonade","Freshly squeezed lemonade served cold with blended strawberry",4.95,"beverage");

INSERT INTO MENUgeo (itemName, description,price,type) VALUES ("Saigon Beer","Imported Saigon Beer from Vietnam, strong in flavor and color",3.95,"beverage");
INSERT INTO MENUgeo (itemName, description,price,type) VALUES ("Corona","Imported Beer from Mexico",3.95,"beverage");
INSERT INTO MENUgeo (itemName, description,price,type) VALUES ("Affligen Blonde","Yellow beer bottle from Argentina",4.25,"beverage");

INSERT INTO MENUgeo (itemName, description,price,type) VALUES ("Chardonay, J. Lord","Favorite Chardonay wine in the region",10.5,"beverage");
INSERT INTO MENUgeo (itemName, description,price,type) VALUES ("Sauvingon Blanc","Great white wine",8.95,"beverage");
INSERT INTO MENUgeo (itemName, description,price,type) VALUES ("Pinor Noir, Educated Guess","Favirote california wine",9.5,"beverage");
INSERT INTO MENUgeo (itemName, description,price,type) VALUES ("Cabernet Sauvingnon","Favorite california wine",9.5,"beverage");

# CUSTOMERS

INSERT INTO CUSTOMERgeo (firstname,lastname,email) VALUES ("David" ,"T","davidt@gmail.com");
INSERT INTO CUSTOMERgeo (firstname,lastname,email) VALUES ("Angelababy" ,"l" , "angelababyl@aol.net");
INSERT INTO CUSTOMERgeo (firstname,lastname,email) VALUES ("Ashley" ,"Z","ashleyz@hotmail.com");
INSERT INTO CUSTOMERgeo (firstname,lastname,email) VALUES ("Daisy" ,"R","daisyridley@starwars.com");
INSERT INTO CUSTOMERgeo (firstname,lastname,email) VALUES ("Mark" ,"H","markhamill@starwars.com");
INSERT INTO CUSTOMERgeo (firstname,lastname,email) VALUES ("John" ,"B","johnboyoga@starwars.com");
INSERT INTO CUSTOMERgeo (firstname,lastname,email) VALUES ("JJ" ,"Abrams","jjabrams@starwars.com");
INSERT INTO CUSTOMERgeo (firstname,lastname,email) VALUES ("Andrew" ,"Kramer","andrewkramer@starwars.com");
INSERT INTO CUSTOMERgeo (firstname,lastname,email) VALUES ("Kim" ,"P","kimp@sjsu.edu");
INSERT INTO CUSTOMERgeo (firstname,lastname,email) VALUES ("Sami" ,"Khuri","samikhuri@sjsu.edu");
INSERT INTO CUSTOMERgeo (firstname,lastname,email) VALUES ("Steve" ,"Jobs","stevejobs@apple.com");
INSERT INTO CUSTOMERgeo (firstname,lastname,email) VALUES ("Jon" ,"Nguyen","jon@abc.com");
INSERT INTO CUSTOMERgeo (firstname,lastname,email) VALUES ("Phuc" ,"N","phucn@batman.com");



# TABLES
INSERT INTO aTablegeo (seats, available,eID) VALUES (4,true ,(select eID FROM EMPLOYEE WHERE email="mayb@batman.com"));
INSERT INTO aTablegeo (seats, available,eID) VALUES (1,true, (select eID FROM EMPLOYEE WHERE email="mayb@batman.com"));
INSERT INTO aTablegeo (seats, available,eID) VALUES (1,true,(select eID FROM EMPLOYEE WHERE email="mayb@batman.com"));
INSERT INTO aTablegeo (seats, available,eID) VALUES (1,true,(select eID FROM EMPLOYEE WHERE email="mayb@batman.com"));
INSERT INTO aTablegeo (seats, available,eID) VALUES (2,true,(select eID FROM EMPLOYEE WHERE email="phucn@batman.com"));
INSERT INTO aTablegeo (seats, available,eID) VALUES (2,true,(select eID FROM EMPLOYEE WHERE email="phucn@batman.com"));
INSERT INTO aTablegeo (seats, available,eID) VALUES (2,true,(select eID FROM EMPLOYEE WHERE email="phucn@batman.com"));
INSERT INTO aTablegeo (seats, available,eID) VALUES (2,true,(select eID FROM EMPLOYEE WHERE email="phucn@batman.com"));
INSERT INTO aTablegeo (seats, available,eID) VALUES (4,true,(select eID FROM EMPLOYEE WHERE email="phucn@batman.com"));
INSERT INTO aTablegeo (seats, available,eID) VALUES (4,true,(select eID FROM EMPLOYEE WHERE email="katev@batman.com"));
INSERT INTO aTablegeo (seats, available,eID) VALUES (4,true,(select eID FROM EMPLOYEE WHERE email="katev@batman.com"));
INSERT INTO aTablegeo (seats, available,eID) VALUES (4,true,(select eID FROM EMPLOYEE WHERE email="katev@batman.com"));
INSERT INTO aTablegeo (seats, available,eID) VALUES (4,true,(select eID FROM EMPLOYEE WHERE email="katev@batman.com"));
INSERT INTO aTablegeo (seats, available,eID) VALUES (4,true,(select eID FROM EMPLOYEE WHERE email="katev@batman.com"));


# RATING
INSERT INTO RATINGgeo (cID, stars, feedback) VALUES (2, 4,  "Great restaurant with good food and good price");
INSERT INTO RATINGgeo (cID, stars, feedback) VALUES (5, 4,  "This has been our second date at this restaurant, great experience. Will come back");
INSERT INTO RATINGgeo (cID, stars, feedback) VALUES (8, 5,  "Nice atmosphere, friendly service, great food");
INSERT INTO RATINGgeo (cID, stars, feedback) VALUES (4, 5,  "Love the soup, great flavor and good price");

# RESERVATIONS
INSERT INTO RESERVATIONgeo (tID, cID, partySize, reservationDate) VALUES (1, 2, 3, curdate());
INSERT INTO RESERVATIONgeo (tID, cID, partySize, reservationDate) VALUES (4, 5, 4, curdate());
INSERT INTO RESERVATIONgeo (tID, cID, partySize, reservationDate) VALUES (5, 7, 1, curdate());
INSERT INTO RESERVATIONgeo (tID, cID, partySize, reservationDate) VALUES (8, 1, 2, curdate());
INSERT INTO RESERVATIONgeo (tID, cID, partySize, reservationDate) VALUES (9, 4, 3, curdate());
INSERT INTO RESERVATIONgeo (tID, cID, partySize, reservationDate) VALUES (2, 3, 1, curdate()+ INTERVAL 1 DAY); #tmr
INSERT INTO RESERVATIONgeo (tID, cID, partySize, reservationDate) VALUES (7, 6, 2, curdate()+ INTERVAL 6 DAY); # 6 days from today
INSERT INTO RESERVATIONgeo (tID, cID, partySize, reservationDate) VALUES (10, 8, 4, curdate()+ INTERVAL 2 DAY); # a day after tmr



FRENchhhhh
# EMPLOYEES
INSERT INTO EMPLOYEEfrench (firstname,lastname,position,lastworked,email) VALUES ("May","b","Server",curdate() , "mayb@batman.com") ;
INSERT INTO EMPLOYEEfrench (firstname,lastname,position,lastworked,email) VALUES ("Paul","W","Supervisor",curdate() ,"paulw@batman.com" );
INSERT INTO EMPLOYEEfrench (firstname,lastname,position,lastworked,email) VALUES ("Ken","C","Busboy",curdate(), "kenc@batman.com");
INSERT INTO EMPLOYEEfrench (firstname,lastname,position,lastworked,email) VALUES ("Phuc","N","Server",curdate() , "phucn@batman.com");
INSERT INTO EMPLOYEEfrench (firstname,lastname,position,lastworked,email) VALUES ("Kate","v","Server",curdate(), "katev@batman.com");

# FOOD

INSERT INTO MENUfrench (itemName, description,price,type) VALUES ("Spring Rolls","A fresh spring rolls with pork and shrimp",6.5,"food");
INSERT INTO MENUfrench (itemName, description,price,type) VALUES ("Crispy Imperial Rolls","Deep fried cripsy rolls with pork and carrot",6.5,"food");
INSERT INTO MENUfrench (itemName, description,price,type) VALUES ("Crispy Crepe","Fried and crispy creep, eat with fish sauce",8.5,"food");
INSERT INTO MENUfrench (itemName, description,price,type) VALUES ("Salt and Pepper Calamari","Stir-fried calarami with salt and pepper",9.5,"food");
INSERT INTO MENUfrench (itemName, description,price,type) VALUES ("Shrimp Cake","Deep fried shrimp cake with outer tofu layer",7.5,"food");
INSERT INTO MENUfrench (itemName, description,price,type) VALUES ("Steak Noodle Soup","Traditional Vietnamese soup called Pho with thin layer of steak on top of rice noodle and delicious beef broth",9.5,"food");
INSERT INTO MENUfrench (itemName, description,price,type) VALUES ("Brisket Noodle Soup","Traditional Vietnamese soup called Pho with thin layer of brisket on top of rice noodle and delicious beef broth",9.5,"food");
INSERT INTO MENUfrench (itemName, description,price,type) VALUES ("Steak and Meatball Noodle Soup","Traditional Vietnamese soup called Pho with thin layer of steak combined with meatballs on top of rice noodle and delicious beef broth",12.5,"food");

INSERT INTO MENUfrench (itemName, description,price,type) VALUES ("Shaking Beef","Stir fried beef with house special sauce, lettuce and tomato",19.5,"food");
INSERT INTO MENUfrench (itemName, description,price,type) VALUES ("Basil Eggplant with Chicken","Stir fried basil with eggplant in house special sauce with chicken",13.5,"food");
INSERT INTO MENUfrench (itemName, description,price,type) VALUES ("House Curry Chicken","Stir fried chicken and curry flavor deep in coconut milk sauce",12.5,"food");
INSERT INTO MENUfrench (itemName, description,price,type) VALUES ("House Special Chicken","Deep fried marinated chicken then get stir fried with house special chili sauce",13.5,"food");
INSERT INTO MENUfrench (itemName, description,price,type) VALUES ("Spicy Lemongrass Beef","Stir fried beef with lemongrass and chili in house special sauce",14.5,"food");

INSERT INTO MENU (itemName, description,price,type) VALUES ("Tofu Panfried Rice Noodle","Pan fried noodle with tofu and stired fried vegetable",10.5,"food");
INSERT INTO MENU (itemName, description,price,type) VALUES ("Mixed Vegetable With Tofu","Stir Fried tofu with vegetable",10.5,"food");
INSERT INTO MENU (itemName, description,price,type) VALUES ("Salt and Pepper Tofu","Deep fried tofu then get stir fried with chili pepper and pepper and salt",9.5,"food");
INSERT INTO MENU (itemName, description,price,type) VALUES ("Crispy Egg Noodle with Vegetable and Tofu","Deep fried egg noodle served with stir fried vegetable and tofu on top",10.5,"food");

# DRINK
INSERT INTO MENUfrench (itemName, description,price,type) VALUES ("Sprite","sprite",2.5,"beverage");
INSERT INTO MENUfrench (itemName, description,price,type) VALUES ("Coke","Coke",2.5,"beverage");
INSERT INTO MENUfrench (itemName, description,price,type) VALUES ("Freshly Squeeze Lemonade","Freshly squeezed lemonade",3.9,"beverage");
INSERT INTO MENUfrench (itemName, description,price,type) VALUES ("Thai ice tea","Black Thai tea served cold with half and half milk",3.95,"beverage");
INSERT INTO MENUfrench (itemName, description,price,type) VALUES ("Strawberry Lemonade","Freshly squeezed lemonade served cold with blended strawberry",4.95,"beverage");

INSERT INTO MENUfrench (itemName, description,price,type) VALUES ("Saigon Beer","Imported Saigon Beer from Vietnam, strong in flavor and color",3.95,"beverage");
INSERT INTO MENUfrench (itemName, description,price,type) VALUES ("Corona","Imported Beer from Mexico",3.95,"beverage");
INSERT INTO MENUfrench (itemName, description,price,type) VALUES ("Affligen Blonde","Yellow beer bottle from Argentina",4.25,"beverage");

INSERT INTO MENUfrench (itemName, description,price,type) VALUES ("Chardonay, J. Lord","Favorite Chardonay wine in the region",10.5,"beverage");
INSERT INTO MENUfrench (itemName, description,price,type) VALUES ("Sauvingon Blanc","Great white wine",8.95,"beverage");
INSERT INTO MENUfrench (itemName, description,price,type) VALUES ("Pinor Noir, Educated Guess","Favirote california wine",9.5,"beverage");
INSERT INTO MENUfrench (itemName, description,price,type) VALUES ("Cabernet Sauvingnon","Favorite california wine",9.5,"beverage");

# CUSTOMERS

INSERT INTO CUSTOMERfrench (firstname,lastname,email) VALUES ("David" ,"T","davidt@gmail.com");
INSERT INTO CUSTOMERfrench (firstname,lastname,email) VALUES ("Angelababy" ,"l" , "angelababyl@aol.net");
INSERT INTO CUSTOMERfrench (firstname,lastname,email) VALUES ("Ashley" ,"Z","ashleyz@hotmail.com");
INSERT INTO CUSTOMERfrench (firstname,lastname,email) VALUES ("Daisy" ,"R","daisyridley@starwars.com");
INSERT INTO CUSTOMERfrench (firstname,lastname,email) VALUES ("Mark" ,"H","markhamill@starwars.com");
INSERT INTO CUSTOMERfrench (firstname,lastname,email) VALUES ("John" ,"B","johnboyoga@starwars.com");
INSERT INTO CUSTOMERfrench (firstname,lastname,email) VALUES ("JJ" ,"Abrams","jjabrams@starwars.com");
INSERT INTO CUSTOMERfrench (firstname,lastname,email) VALUES ("Andrew" ,"Kramer","andrewkramer@starwars.com");
INSERT INTO CUSTOMERfrench (firstname,lastname,email) VALUES ("Kim" ,"P","kimp@sjsu.edu");
INSERT INTO CUSTOMERfrench (firstname,lastname,email) VALUES ("Sami" ,"Khuri","samikhuri@sjsu.edu");
INSERT INTO CUSTOMERfrench (firstname,lastname,email) VALUES ("Steve" ,"Jobs","stevejobs@apple.com");
INSERT INTO CUSTOMERfrench (firstname,lastname,email) VALUES ("Jon" ,"Nguyen","jon@abc.com");
INSERT INTO CUSTOMERfrench (firstname,lastname,email) VALUES ("Phuc" ,"N","phucn@batman.com");



# TABLES
INSERT INTO aTablefrench (seats, available,eID) VALUES (4,true ,(select eID FROM EMPLOYEE WHERE email="mayb@batman.com"));
INSERT INTO aTablefrench (seats, available,eID) VALUES (1,true, (select eID FROM EMPLOYEE WHERE email="mayb@batman.com"));
INSERT INTO aTablefrench (seats, available,eID) VALUES (1,true,(select eID FROM EMPLOYEE WHERE email="mayb@batman.com"));
INSERT INTO aTablefrench (seats, available,eID) VALUES (1,true,(select eID FROM EMPLOYEE WHERE email="mayb@batman.com"));
INSERT INTO aTablefrench (seats, available,eID) VALUES (2,true,(select eID FROM EMPLOYEE WHERE email="phucn@batman.com"));
INSERT INTO aTablefrench (seats, available,eID) VALUES (2,true,(select eID FROM EMPLOYEE WHERE email="phucn@batman.com"));
INSERT INTO aTablefrench (seats, available,eID) VALUES (2,true,(select eID FROM EMPLOYEE WHERE email="phucn@batman.com"));
INSERT INTO aTablefrench (seats, available,eID) VALUES (2,true,(select eID FROM EMPLOYEE WHERE email="phucn@batman.com"));
INSERT INTO aTablefrench (seats, available,eID) VALUES (4,true,(select eID FROM EMPLOYEE WHERE email="phucn@batman.com"));
INSERT INTO aTablefrench (seats, available,eID) VALUES (4,true,(select eID FROM EMPLOYEE WHERE email="katev@batman.com"));
INSERT INTO aTablefrench (seats, available,eID) VALUES (4,true,(select eID FROM EMPLOYEE WHERE email="katev@batman.com"));
INSERT INTO aTablefrench (seats, available,eID) VALUES (4,true,(select eID FROM EMPLOYEE WHERE email="katev@batman.com"));
INSERT INTO aTablefrench (seats, available,eID) VALUES (4,true,(select eID FROM EMPLOYEE WHERE email="katev@batman.com"));
INSERT INTO aTablefrench (seats, available,eID) VALUES (4,true,(select eID FROM EMPLOYEE WHERE email="katev@batman.com"));


# RATING
INSERT INTO RATINGfrench (cID, stars, feedback) VALUES (2, 4,  "Great restaurant with good food and good price");
INSERT INTO RATINGfrench (cID, stars, feedback) VALUES (5, 4,  "This has been our second date at this restaurant, great experience. Will come back");
INSERT INTO RATINGfrench (cID, stars, feedback) VALUES (8, 5,  "Nice atmosphere, friendly service, great food");
INSERT INTO RATINGfrench (cID, stars, feedback) VALUES (4, 5,  "Love the soup, great flavor and good price");

# RESERVATIONS
INSERT INTO RESERVATIONfrench (tID, cID, partySize, reservationDate) VALUES (1, 2, 3, curdate());
INSERT INTO RESERVATIONfrench (tID, cID, partySize, reservationDate) VALUES (4, 5, 4, curdate());
INSERT INTO RESERVATIONfrench (tID, cID, partySize, reservationDate) VALUES (5, 7, 1, curdate());
INSERT INTO RESERVATIONfrench (tID, cID, partySize, reservationDate) VALUES (8, 1, 2, curdate());
INSERT INTO RESERVATIONfrench (tID, cID, partySize, reservationDate) VALUES (9, 4, 3, curdate());
INSERT INTO RESERVATIONfrench (tID, cID, partySize, reservationDate) VALUES (2, 3, 1, curdate()+ INTERVAL 1 DAY); #tmr
INSERT INTO RESERVATIONfrench (tID, cID, partySize, reservationDate) VALUES (7, 6, 2, curdate()+ INTERVAL 6 DAY); # 6 days from today
INSERT INTO RESERVATIONfrench (tID, cID, partySize, reservationDate) VALUES (10, 8, 4, curdate()+ INTERVAL 2 DAY); # a day after tmr


SUSHIIIIIIIII


# EMPLOYEES
INSERT INTO EMPLOYEEgeo (firstname,lastname,position,lastworked,email) VALUES ("May","b","Server",curdate() , "mayb@batman.com") ;
INSERT INTO EMPLOYEEgeo (firstname,lastname,position,lastworked,email) VALUES ("Paul","W","Supervisor",curdate() ,"paulw@batman.com" );
INSERT INTO EMPLOYEEgeo (firstname,lastname,position,lastworked,email) VALUES ("Ken","C","Busboy",curdate(), "kenc@batman.com");
INSERT INTO EMPLOYEEgeo (firstname,lastname,position,lastworked,email) VALUES ("Phuc","N","Server",curdate() , "phucn@batman.com");
INSERT INTO EMPLOYEEgeo (firstname,lastname,position,lastworked,email) VALUES ("Kate","v","Server",curdate(), "katev@batman.com");

# FOOD

INSERT INTO MENUgeo (itemName, description,price,type) VALUES ("Spring Rolls","A fresh spring rolls with pork and shrimp",6.5,"food");
INSERT INTO MENUgeo (itemName, description,price,type) VALUES ("Crispy Imperial Rolls","Deep fried cripsy rolls with pork and carrot",6.5,"food");
INSERT INTO MENUgeo (itemName, description,price,type) VALUES ("Crispy Crepe","Fried and crispy creep, eat with fish sauce",8.5,"food");
INSERT INTO MENUgeo (itemName, description,price,type) VALUES ("Salt and Pepper Calamari","Stir-fried calarami with salt and pepper",9.5,"food");
INSERT INTO MENUgeo (itemName, description,price,type) VALUES ("Shrimp Cake","Deep fried shrimp cake with outer tofu layer",7.5,"food");
INSERT INTO MENUgeo (itemName, description,price,type) VALUES ("Steak Noodle Soup","Traditional Vietnamese soup called Pho with thin layer of steak on top of rice noodle and delicious beef broth",9.5,"food");
INSERT INTO MENUgeo (itemName, description,price,type) VALUES ("Brisket Noodle Soup","Traditional Vietnamese soup called Pho with thin layer of brisket on top of rice noodle and delicious beef broth",9.5,"food");
INSERT INTO MENUgeo (itemName, description,price,type) VALUES ("Steak and Meatball Noodle Soup","Traditional Vietnamese soup called Pho with thin layer of steak combined with meatballs on top of rice noodle and delicious beef broth",12.5,"food");

INSERT INTO MENUgeo (itemName, description,price,type) VALUES ("Shaking Beef","Stir fried beef with house special sauce, lettuce and tomato",19.5,"food");
INSERT INTO MENUgeo (itemName, description,price,type) VALUES ("Basil Eggplant with Chicken","Stir fried basil with eggplant in house special sauce with chicken",13.5,"food");
INSERT INTO MENUgeo (itemName, description,price,type) VALUES ("House Curry Chicken","Stir fried chicken and curry flavor deep in coconut milk sauce",12.5,"food");
INSERT INTO MENUgeo (itemName, description,price,type) VALUES ("House Special Chicken","Deep fried marinated chicken then get stir fried with house special chili sauce",13.5,"food");
INSERT INTO MENUgeo (itemName, description,price,type) VALUES ("Spicy Lemongrass Beef","Stir fried beef with lemongrass and chili in house special sauce",14.5,"food");

INSERT INTO MENUgeo (itemName, description,price,type) VALUES ("Tofu Panfried Rice Noodle","Pan fried noodle with tofu and stired fried vegetable",10.5,"food");
INSERT INTO MENUgeo (itemName, description,price,type) VALUES ("Mixed Vegetable With Tofu","Stir Fried tofu with vegetable",10.5,"food");
INSERT INTO MENUgeo (itemName, description,price,type) VALUES ("Salt and Pepper Tofu","Deep fried tofu then get stir fried with chili pepper and pepper and salt",9.5,"food");
INSERT INTO MENUgeo (itemName, description,price,type) VALUES ("Crispy Egg Noodle with Vegetable and Tofu","Deep fried egg noodle served with stir fried vegetable and tofu on top",10.5,"food");

# DRINK
INSERT INTO MENUgeo (itemName, description,price,type) VALUES ("Sprite","sprite",2.5,"beverage");
INSERT INTO MENUgeo (itemName, description,price,type) VALUES ("Coke","Coke",2.5,"beverage");
INSERT INTO MENUgeo (itemName, description,price,type) VALUES ("Freshly Squeeze Lemonade","Freshly squeezed lemonade",3.9,"beverage");
INSERT INTO MENUgeo (itemName, description,price,type) VALUES ("Thai ice tea","Black Thai tea served cold with half and half milk",3.95,"beverage");
INSERT INTO MENUgeo (itemName, description,price,type) VALUES ("Strawberry Lemonade","Freshly squeezed lemonade served cold with blended strawberry",4.95,"beverage");

INSERT INTO MENUgeo (itemName, description,price,type) VALUES ("Saigon Beer","Imported Saigon Beer from Vietnam, strong in flavor and color",3.95,"beverage");
INSERT INTO MENUgeo (itemName, description,price,type) VALUES ("Corona","Imported Beer from Mexico",3.95,"beverage");
INSERT INTO MENUgeo (itemName, description,price,type) VALUES ("Affligen Blonde","Yellow beer bottle from Argentina",4.25,"beverage");

INSERT INTO MENUgeo (itemName, description,price,type) VALUES ("Chardonay, J. Lord","Favorite Chardonay wine in the region",10.5,"beverage");
INSERT INTO MENUgeo (itemName, description,price,type) VALUES ("Sauvingon Blanc","Great white wine",8.95,"beverage");
INSERT INTO MENUgeo (itemName, description,price,type) VALUES ("Pinor Noir, Educated Guess","Favirote california wine",9.5,"beverage");
INSERT INTO MENUgeo (itemName, description,price,type) VALUES ("Cabernet Sauvingnon","Favorite california wine",9.5,"beverage");

# CUSTOMERS

INSERT INTO CUSTOMERgeo (firstname,lastname,email) VALUES ("David" ,"T","davidt@gmail.com");
INSERT INTO CUSTOMERgeo (firstname,lastname,email) VALUES ("Angelababy" ,"l" , "angelababyl@aol.net");
INSERT INTO CUSTOMERgeo (firstname,lastname,email) VALUES ("Ashley" ,"Z","ashleyz@hotmail.com");
INSERT INTO CUSTOMERgeo (firstname,lastname,email) VALUES ("Daisy" ,"R","daisyridley@starwars.com");
INSERT INTO CUSTOMERgeo (firstname,lastname,email) VALUES ("Mark" ,"H","markhamill@starwars.com");
INSERT INTO CUSTOMERgeo (firstname,lastname,email) VALUES ("John" ,"B","johnboyoga@starwars.com");
INSERT INTO CUSTOMERgeo (firstname,lastname,email) VALUES ("JJ" ,"Abrams","jjabrams@starwars.com");
INSERT INTO CUSTOMERgeo (firstname,lastname,email) VALUES ("Andrew" ,"Kramer","andrewkramer@starwars.com");
INSERT INTO CUSTOMERgeo (firstname,lastname,email) VALUES ("Kim" ,"P","kimp@sjsu.edu");
INSERT INTO CUSTOMERgeo (firstname,lastname,email) VALUES ("Sami" ,"Khuri","samikhuri@sjsu.edu");
INSERT INTO CUSTOMERgeo (firstname,lastname,email) VALUES ("Steve" ,"Jobs","stevejobs@apple.com");
INSERT INTO CUSTOMERgeo (firstname,lastname,email) VALUES ("Jon" ,"Nguyen","jon@abc.com");
INSERT INTO CUSTOMERgeo (firstname,lastname,email) VALUES ("Phuc" ,"N","phucn@batman.com");



# TABLES
INSERT INTO aTablegeo (seats, available,eID) VALUES (4,true ,(select eID FROM EMPLOYEE WHERE email="mayb@batman.com"));
INSERT INTO aTablegeo (seats, available,eID) VALUES (1,true, (select eID FROM EMPLOYEE WHERE email="mayb@batman.com"));
INSERT INTO aTablegeo (seats, available,eID) VALUES (1,true,(select eID FROM EMPLOYEE WHERE email="mayb@batman.com"));
INSERT INTO aTablegeo (seats, available,eID) VALUES (1,true,(select eID FROM EMPLOYEE WHERE email="mayb@batman.com"));
INSERT INTO aTablegeo (seats, available,eID) VALUES (2,true,(select eID FROM EMPLOYEE WHERE email="phucn@batman.com"));
INSERT INTO aTablegeo (seats, available,eID) VALUES (2,true,(select eID FROM EMPLOYEE WHERE email="phucn@batman.com"));
INSERT INTO aTablegeo (seats, available,eID) VALUES (2,true,(select eID FROM EMPLOYEE WHERE email="phucn@batman.com"));
INSERT INTO aTablegeo (seats, available,eID) VALUES (2,true,(select eID FROM EMPLOYEE WHERE email="phucn@batman.com"));
INSERT INTO aTablegeo (seats, available,eID) VALUES (4,true,(select eID FROM EMPLOYEE WHERE email="phucn@batman.com"));
INSERT INTO aTablegeo (seats, available,eID) VALUES (4,true,(select eID FROM EMPLOYEE WHERE email="katev@batman.com"));
INSERT INTO aTablegeo (seats, available,eID) VALUES (4,true,(select eID FROM EMPLOYEE WHERE email="katev@batman.com"));
INSERT INTO aTablegeo (seats, available,eID) VALUES (4,true,(select eID FROM EMPLOYEE WHERE email="katev@batman.com"));
INSERT INTO aTablegeo (seats, available,eID) VALUES (4,true,(select eID FROM EMPLOYEE WHERE email="katev@batman.com"));
INSERT INTO aTablegeo (seats, available,eID) VALUES (4,true,(select eID FROM EMPLOYEE WHERE email="katev@batman.com"));


# RATING
INSERT INTO RATINGgeo (cID, stars, feedback) VALUES (2, 4,  "Great restaurant with good food and good price");
INSERT INTO RATINGgeo (cID, stars, feedback) VALUES (5, 4,  "This has been our second date at this restaurant, great experience. Will come back");
INSERT INTO RATINGgeo (cID, stars, feedback) VALUES (8, 5,  "Nice atmosphere, friendly service, great food");
INSERT INTO RATINGgeo (cID, stars, feedback) VALUES (4, 5,  "Love the soup, great flavor and good price");

# RESERVATIONS
INSERT INTO RESERVATIONgeo (tID, cID, partySize, reservationDate) VALUES (1, 2, 3, curdate());
INSERT INTO RESERVATIONgeo (tID, cID, partySize, reservationDate) VALUES (4, 5, 4, curdate());
INSERT INTO RESERVATIONgeo (tID, cID, partySize, reservationDate) VALUES (5, 7, 1, curdate());
INSERT INTO RESERVATIONgeo (tID, cID, partySize, reservationDate) VALUES (8, 1, 2, curdate());
INSERT INTO RESERVATIONgeo (tID, cID, partySize, reservationDate) VALUES (9, 4, 3, curdate());
INSERT INTO RESERVATIONgeo (tID, cID, partySize, reservationDate) VALUES (2, 3, 1, curdate()+ INTERVAL 1 DAY); #tmr
INSERT INTO RESERVATIONgeo (tID, cID, partySize, reservationDate) VALUES (7, 6, 2, curdate()+ INTERVAL 6 DAY); # 6 days from today
INSERT INTO RESERVATIONgeo (tID, cID, partySize, reservationDate) VALUES (10, 8, 4, curdate()+ INTERVAL 2 DAY); # a day after tmr



FRENchhhhh
CREATE TABLE EMPLOYEEsuhsi (
eid INT NOT NULL AUTO_INCREMENT,
firstName VARCHAR(25) NOT NULL,
lastName VARCHAR(25) NOT NULL,
position VARCHAR(25) NOT NULL,
email VARCHAR(25) NOT NULL,
lastWorked DATE,
PRIMARY KEY (eid));
# EMPLOYEES
INSERT INTO EMPLOYEEsushi (firstname,lastname,position,lastworked,email) VALUES ("May","b","Server",curdate() , "mayb@batman.com") ;
INSERT INTO EMPLOYEEsushi (firstname,lastname,position,lastworked,email) VALUES ("Paul","W","Supervisor",curdate() ,"paulw@batman.com" );
INSERT INTO EMPLOYEEsushi (firstname,lastname,position,lastworked,email) VALUES ("Ken","C","Busboy",curdate(), "kenc@batman.com");
INSERT INTO EMPLOYEEsushi (firstname,lastname,position,lastworked,email) VALUES ("Phuc","N","Server",curdate() , "phucn@batman.com");
INSERT INTO EMPLOYEEsushi (firstname,lastname,position,lastworked,email) VALUES ("Kate","v","Server",curdate(), "katev@batman.com");

# FOOD

INSERT INTO MENUsushi (itemName, description,price,type) VALUES ("Spring Rolls","A fresh spring rolls with pork and shrimp",6.5,"food");
INSERT INTO MENUsushi (itemName, description,price,type) VALUES ("Crispy Imperial Rolls","Deep fried cripsy rolls with pork and carrot",6.5,"food");
INSERT INTO MENUsushi (itemName, description,price,type) VALUES ("Crispy Crepe","Fried and crispy creep, eat with fish sauce",8.5,"food");
INSERT INTO MENUsushi (itemName, description,price,type) VALUES ("Salt and Pepper Calamari","Stir-fried calarami with salt and pepper",9.5,"food");
INSERT INTO MENUsushi (itemName, description,price,type) VALUES ("Shrimp Cake","Deep fried shrimp cake with outer tofu layer",7.5,"food");
INSERT INTO MENUsushi (itemName, description,price,type) VALUES ("Steak Noodle Soup","Traditional Vietnamese soup called Pho with thin layer of steak on top of rice noodle and delicious beef broth",9.5,"food");
INSERT INTO MENUsushi (itemName, description,price,type) VALUES ("Brisket Noodle Soup","Traditional Vietnamese soup called Pho with thin layer of brisket on top of rice noodle and delicious beef broth",9.5,"food");
INSERT INTO MENUsushi (itemName, description,price,type) VALUES ("Steak and Meatball Noodle Soup","Traditional Vietnamese soup called Pho with thin layer of steak combined with meatballs on top of rice noodle and delicious beef broth",12.5,"food");

INSERT INTO MENUsushi (itemName, description,price,type) VALUES ("Shaking Beef","Stir fried beef with house special sauce, lettuce and tomato",19.5,"food");
INSERT INTO MENUsushi (itemName, description,price,type) VALUES ("Basil Eggplant with Chicken","Stir fried basil with eggplant in house special sauce with chicken",13.5,"food");
INSERT INTO MENUsushi (itemName, description,price,type) VALUES ("House Curry Chicken","Stir fried chicken and curry flavor deep in coconut milk sauce",12.5,"food");
INSERT INTO MENUsushi (itemName, description,price,type) VALUES ("House Special Chicken","Deep fried marinated chicken then get stir fried with house special chili sauce",13.5,"food");
INSERT INTO MENUsushi (itemName, description,price,type) VALUES ("Spicy Lemongrass Beef","Stir fried beef with lemongrass and chili in house special sauce",14.5,"food");

INSERT INTO MENUsuhsi (itemName, description,price,type) VALUES ("Tofu Panfried Rice Noodle","Pan fried noodle with tofu and stired fried vegetable",10.5,"food");
INSERT INTO MENUsuhsi (itemName, description,price,type) VALUES ("Mixed Vegetable With Tofu","Stir Fried tofu with vegetable",10.5,"food");
INSERT INTO MENUsuhsi (itemName, description,price,type) VALUES ("Salt and Pepper Tofu","Deep fried tofu then get stir fried with chili pepper and pepper and salt",9.5,"food");
INSERT INTO MENUsuhsi (itemName, description,price,type) VALUES ("Crispy Egg Noodle with Vegetable and Tofu","Deep fried egg noodle served with stir fried vegetable and tofu on top",10.5,"food");

# DRINK
INSERT INTO MENUfrench (itemName, description,price,type) VALUES ("Sprite","sprite",2.5,"beverage");
INSERT INTO MENUfrench (itemName, description,price,type) VALUES ("Coke","Coke",2.5,"beverage");
INSERT INTO MENUfrench (itemName, description,price,type) VALUES ("Freshly Squeeze Lemonade","Freshly squeezed lemonade",3.9,"beverage");
INSERT INTO MENUfrench (itemName, description,price,type) VALUES ("Thai ice tea","Black Thai tea served cold with half and half milk",3.95,"beverage");
INSERT INTO MENUfrench (itemName, description,price,type) VALUES ("Strawberry Lemonade","Freshly squeezed lemonade served cold with blended strawberry",4.95,"beverage");

INSERT INTO MENUfrench (itemName, description,price,type) VALUES ("Saigon Beer","Imported Saigon Beer from Vietnam, strong in flavor and color",3.95,"beverage");
INSERT INTO MENUfrench (itemName, description,price,type) VALUES ("Corona","Imported Beer from Mexico",3.95,"beverage");
INSERT INTO MENUfrench (itemName, description,price,type) VALUES ("Affligen Blonde","Yellow beer bottle from Argentina",4.25,"beverage");

INSERT INTO MENUfrench (itemName, description,price,type) VALUES ("Chardonay, J. Lord","Favorite Chardonay wine in the region",10.5,"beverage");
INSERT INTO MENUfrench (itemName, description,price,type) VALUES ("Sauvingon Blanc","Great white wine",8.95,"beverage");
INSERT INTO MENUfrench (itemName, description,price,type) VALUES ("Pinor Noir, Educated Guess","Favirote california wine",9.5,"beverage");
INSERT INTO MENUfrench (itemName, description,price,type) VALUES ("Cabernet Sauvingnon","Favorite california wine",9.5,"beverage");

# CUSTOMERS

INSERT INTO CUSTOMERsushi (firstname,lastname,email) VALUES ("David" ,"T","davidt@gmail.com");
INSERT INTO CUSTOMERsushi (firstname,lastname,email) VALUES ("Angelababy" ,"l" , "angelababyl@aol.net");
INSERT INTO CUSTOMERsushi (firstname,lastname,email) VALUES ("Ashley" ,"Z","ashleyz@hotmail.com");
INSERT INTO CUSTOMERsushi (firstname,lastname,email) VALUES ("Daisy" ,"R","daisyridley@starwars.com");
INSERT INTO CUSTOMERsushi (firstname,lastname,email) VALUES ("Mark" ,"H","markhamill@starwars.com");
INSERT INTO CUSTOMERsushi (firstname,lastname,email) VALUES ("John" ,"B","johnboyoga@starwars.com");
INSERT INTO CUSTOMERsushi (firstname,lastname,email) VALUES ("JJ" ,"Abrams","jjabrams@starwars.com");
INSERT INTO CUSTOMERsushi (firstname,lastname,email) VALUES ("Andrew" ,"Kramer","andrewkramer@starwars.com");
INSERT INTO CUSTOMERsushi (firstname,lastname,email) VALUES ("Kim" ,"P","kimp@sjsu.edu");
INSERT INTO CUSTOMERsushi (firstname,lastname,email) VALUES ("Sami" ,"Khuri","samikhuri@sjsu.edu");
INSERT INTO CUSTOMERsushi (firstname,lastname,email) VALUES ("Steve" ,"Jobs","stevejobs@apple.com");
INSERT INTO CUSTOMERsushi (firstname,lastname,email) VALUES ("Jon" ,"Nguyen","jon@abc.com");
INSERT INTO CUSTOMERsushi (firstname,lastname,email) VALUES ("Phuc" ,"N","phucn@batman.com");



# TABLES
INSERT INTO aTablesushi (seats, available,eID) VALUES (4,true ,(select eID FROM EMPLOYEE WHERE email="mayb@batman.com"));
INSERT INTO aTablesushi (seats, available,eID) VALUES (1,true, (select eID FROM EMPLOYEE WHERE email="mayb@batman.com"));
INSERT INTO aTablesushi (seats, available,eID) VALUES (1,true,(select eID FROM EMPLOYEE WHERE email="mayb@batman.com"));
INSERT INTO aTablesushi (seats, available,eID) VALUES (1,true,(select eID FROM EMPLOYEE WHERE email="mayb@batman.com"));
INSERT INTO aTablesushi (seats, available,eID) VALUES (2,true,(select eID FROM EMPLOYEE WHERE email="phucn@batman.com"));
INSERT INTO aTablesushi (seats, available,eID) VALUES (2,true,(select eID FROM EMPLOYEE WHERE email="phucn@batman.com"));
INSERT INTO aTablesushi (seats, available,eID) VALUES (2,true,(select eID FROM EMPLOYEE WHERE email="phucn@batman.com"));
INSERT INTO aTablesushi (seats, available,eID) VALUES (2,true,(select eID FROM EMPLOYEE WHERE email="phucn@batman.com"));
INSERT INTO aTablesushi (seats, available,eID) VALUES (4,true,(select eID FROM EMPLOYEE WHERE email="phucn@batman.com"));
INSERT INTO aTablesushi (seats, available,eID) VALUES (4,true,(select eID FROM EMPLOYEE WHERE email="katev@batman.com"));
INSERT INTO aTablesushi (seats, available,eID) VALUES (4,true,(select eID FROM EMPLOYEE WHERE email="katev@batman.com"));
INSERT INTO aTablesushi (seats, available,eID) VALUES (4,true,(select eID FROM EMPLOYEE WHERE email="katev@batman.com"));
INSERT INTO aTablesushi (seats, available,eID) VALUES (4,true,(select eID FROM EMPLOYEE WHERE email="katev@batman.com"));
INSERT INTO aTablesushi (seats, available,eID) VALUES (4,true,(select eID FROM EMPLOYEE WHERE email="katev@batman.com"));


# RATING
INSERT INTO ratingsushi, stars, feedback) VALUES (2, 4,  "Great restaurant with good food and good price");
INSERT INTO ratingsushi (cID, stars, feedback) VALUES (5, 4,  "This has been our second date at this restaurant, great experience. Will come back");
INSERT INTO ratingsushi (cID, stars, feedback) VALUES (8, 5,  "Nice atmosphere, friendly service, great food");
INSERT INTO ratingsushi (cID, stars, feedback) VALUES (4, 5,  "Love the soup, great flavor and good price");

# RESERVATIONS
INSERT INTO RESERVATIONsushi (tID, cID, partySize, reservationDate) VALUES (1, 2, 3, curdate());
INSERT INTO RESERVATIONsushi (tID, cID, partySize, reservationDate) VALUES (4, 5, 4, curdate());
INSERT INTO RESERVATIONsushi (tID, cID, partySize, reservationDate) VALUES (5, 7, 1, curdate());
INSERT INTO RESERVATIONsushi (tID, cID, partySize, reservationDate) VALUES (8, 1, 2, curdate());
INSERT INTO RESERVATIONsushi (tID, cID, partySize, reservationDate) VALUES (9, 4, 3, curdate());
INSERT INTO RESERVATIONsushi (tID, cID, partySize, reservationDate) VALUES (2, 3, 1, curdate()+ INTERVAL 1 DAY); #tmr
INSERT INTO RESERVATIONsushi (tID, cID, partySize, reservationDate) VALUES (7, 6, 2, curdate()+ INTERVAL 6 DAY); # 6 days from today
INSERT INTO RESERVATIONsushi (tID, cID, partySize, reservationDate) VALUES (10, 8, 4, curdate()+ INTERVAL 2 DAY); # a day after tmr



88888888888888888888888


Vapinooo
# EMPLOYEES
INSERT INTO EMPLOYEEvapino (firstname,lastname,position,lastworked,email) VALUES ("May","b","Server",curdate() , "mayb@batman.com") ;
INSERT INTO employeevapino (firstname,lastname,position,lastworked,email) VALUES ("Paul","W","Supervisor",curdate() ,"paulw@batman.com" );
INSERT INTO employeevapino (firstname,lastname,position,lastworked,email) VALUES ("Ken","C","Busboy",curdate(), "kenc@batman.com");
INSERT INTO employeevapino (firstname,lastname,position,lastworked,email) VALUES ("Phuc","N","Server",curdate() , "phucn@batman.com");
INSERT INTO employeevapino (firstname,lastname,position,lastworked,email) VALUES ("Kate","v","Server",curdate(), "katev@batman.com");

# FOOD

INSERT INTO menuvapino (itemName, description,price,type) VALUES ("Spring Rolls","A fresh spring rolls with pork and shrimp",6.5,"food");
INSERT INTO menuvapino (itemName, description,price,type) VALUES ("Crispy Imperial Rolls","Deep fried cripsy rolls with pork and carrot",6.5,"food");
INSERT INTO menuvapino (itemName, description,price,type) VALUES ("Crispy Crepe","Fried and crispy creep, eat with fish sauce",8.5,"food");
INSERT INTO menuvapino (itemName, description,price,type) VALUES ("Salt and Pepper Calamari","Stir-fried calarami with salt and pepper",9.5,"food");
INSERT INTO menuvapino (itemName, description,price,type) VALUES ("Steak Noodle Soup","Traditional Vietnamese soup called Pho with thin layer of steak on top of rice noodle and delicious beef broth",9.5,"food");
INSERT INTO menuvapino (itemName, description,price,type) VALUES ("Brisket Noodle Soup","Traditional Vietnamese soup called Pho with thin layer of brisket on top of rice noodle and delicious beef broth",9.5,"food");
INSERT INTO menuvapino (itemName, description,price,type) VALUES ("Steak and Meatball Noodle Soup","Traditional Vietnamese soup called Pho with thin layer of steak combined with meatballs on top of rice noodle and delicious beef broth",12.5,"food");

INSERT INTO menuvapino (itemName, description,price,type) VALUES ("Shaking Beef","Stir fried beef with house special sauce, lettuce and tomato",19.5,"food");
INSERT INTO menuvapino (itemName, description,price,type) VALUES ("Basil Eggplant with Chicken","Stir fried basil with eggplant in house special sauce with chicken",13.5,"food");
INSERT INTO menuvapino (itemName, description,price,type) VALUES ("House Curry Chicken","Stir fried chicken and curry flavor deep in coconut milk sauce",12.5,"food");
INSERT INTO menuvapino (itemName, description,price,type) VALUES ("House Special Chicken","Deep fried marinated chicken then get stir fried with house special chili sauce",13.5,"food");
INSERT INTO menuvapino (itemName, description,price,type) VALUES ("Spicy Lemongrass Beef","Stir fried beef with lemongrass and chili in house special sauce",14.5,"food");

INSERT INTO MENUvappino (itemName, description,price,type) VALUES ("Tofu Panfried Rice Noodle","Pan fried noodle with tofu and stired fried vegetable",10.5,"food");
INSERT INTO MENUvappino (itemName, description,price,type) VALUES ("Mixed Vegetable With Tofu","Stir Fried tofu with vegetable",10.5,"food");
INSERT INTO MENUvappino (itemName, description,price,type) VALUES ("Salt and Pepper Tofu","Deep fried tofu then get stir fried with chili pepper and pepper and salt",9.5,"food");
INSERT INTO MENUvappino (itemName, description,price,type) VALUES ("Crispy Egg Noodle with Vegetable and Tofu","Deep fried egg noodle served with stir fried vegetable and tofu on top",10.5,"food");

# DRINK
INSERT INTO MENU (itemName, description,price,type) VALUES ("Sprite","sprite",2.5,"beverage");
INSERT INTO MENU (itemName, description,price,type) VALUES ("Coke","Coke",2.5,"beverage");
INSERT INTO MENU (itemName, description,price,type) VALUES ("Freshly Squeeze Lemonade","Freshly squeezed lemonade",3.9,"beverage");
INSERT INTO MENU (itemName, description,price,type) VALUES ("Thai ice tea","Black Thai tea served cold with half and half milk",3.95,"beverage");
INSERT INTO MENU (itemName, description,price,type) VALUES ("Strawberry Lemonade","Freshly squeezed lemonade served cold with blended strawberry",4.95,"beverage");

INSERT INTO MENU (itemName, description,price,type) VALUES ("Saigon Beer","Imported Saigon Beer from Vietnam, strong in flavor and color",3.95,"beverage");
INSERT INTO MENU (itemName, description,price,type) VALUES ("Corona","Imported Beer from Mexico",3.95,"beverage");
INSERT INTO MENU (itemName, description,price,type) VALUES ("Affligen Blonde","Yellow beer bottle from Argentina",4.25,"beverage");

INSERT INTO MENU (itemName, description,price,type) VALUES ("Chardonay, J. Lord","Favorite Chardonay wine in the region",10.5,"beverage");
INSERT INTO MENU (itemName, description,price,type) VALUES ("Sauvingon Blanc","Great white wine",8.95,"beverage");
INSERT INTO MENU (itemName, description,price,type) VALUES ("Pinor Noir, Educated Guess","Favirote california wine",9.5,"beverage");
INSERT INTO MENU (itemName, description,price,type) VALUES ("Cabernet Sauvingnon","Favorite california wine",9.5,"beverage");

# CUSTOMERS

INSERT INTO CUSTOMERvapino (firstname,lastname,email) VALUES ("David" ,"T","davidt@gmail.com");
INSERT INTO CUSTOMERvapino (firstname,lastname,email) VALUES ("Angelababy" ,"l" , "angelababyl@aol.net");
INSERT INTO CUSTOMERvapino (firstname,lastname,email) VALUES ("Ashley" ,"Z","ashleyz@hotmail.com");
INSERT INTO CUSTOMERvapino (firstname,lastname,email) VALUES ("Daisy" ,"R","daisyridley@starwars.com");
INSERT INTO CUSTOMERvapino (firstname,lastname,email) VALUES ("Mark" ,"H","markhamill@starwars.com");
INSERT INTO CUSTOMERvapino (firstname,lastname,email) VALUES ("John" ,"B","johnboyoga@starwars.com");
INSERT INTO CUSTOMERvapino (firstname,lastname,email) VALUES ("JJ" ,"Abrams","jjabrams@starwars.com");
INSERT INTO CUSTOMERvapino (firstname,lastname,email) VALUES ("Andrew" ,"Kramer","andrewkramer@starwars.com");
INSERT INTO CUSTOMERvapino (firstname,lastname,email) VALUES ("Kim" ,"P","kimp@sjsu.edu");
INSERT INTO CUSTOMERvapino (firstname,lastname,email) VALUES ("Sami" ,"Khuri","samikhuri@sjsu.edu");
INSERT INTO CUSTOMERvapino (firstname,lastname,email) VALUES ("Steve" ,"Jobs","stevejobs@apple.com");
INSERT INTO CUSTOMERvapino (firstname,lastname,email) VALUES ("Jon" ,"Nguyen","jon@abc.com");
INSERT INTO CUSTOMERvapino (firstname,lastname,email) VALUES ("Phuc" ,"N","phucn@batman.com");



# TABLES
INSERT INTO aTablevapino (seats, available,eID) VALUES (4,true ,(select eID FROM EMPLOYEE WHERE email="mayb@batman.com"));
INSERT INTO aTablevapino (seats, available,eID) VALUES (1,true, (select eID FROM EMPLOYEE WHERE email="mayb@batman.com"));
INSERT INTO aTablevapino (seats, available,eID) VALUES (1,true,(select eID FROM EMPLOYEE WHERE email="mayb@batman.com"));
INSERT INTO aTablevapino (seats, available,eID) VALUES (1,true,(select eID FROM EMPLOYEE WHERE email="mayb@batman.com"));
INSERT INTO aTablevapino (seats, available,eID) VALUES (2,true,(select eID FROM EMPLOYEE WHERE email="phucn@batman.com"));
INSERT INTO aTablevapino (seats, available,eID) VALUES (2,true,(select eID FROM EMPLOYEE WHERE email="phucn@batman.com"));
INSERT INTO aTablevapino (seats, available,eID) VALUES (2,true,(select eID FROM EMPLOYEE WHERE email="phucn@batman.com"));
INSERT INTO aTablevapino (seats, available,eID) VALUES (2,true,(select eID FROM EMPLOYEE WHERE email="phucn@batman.com"));
INSERT INTO aTablevapino (seats, available,eID) VALUES (4,true,(select eID FROM EMPLOYEE WHERE email="phucn@batman.com"));
INSERT INTO aTablevapino (seats, available,eID) VALUES (4,true,(select eID FROM EMPLOYEE WHERE email="katev@batman.com"));
INSERT INTO aTablevapino (seats, available,eID) VALUES (4,true,(select eID FROM EMPLOYEE WHERE email="katev@batman.com"));
INSERT INTO aTablevapino (seats, available,eID) VALUES (4,true,(select eID FROM EMPLOYEE WHERE email="katev@batman.com"));
INSERT INTO aTablevapino (seats, available,eID) VALUES (4,true,(select eID FROM EMPLOYEE WHERE email="katev@batman.com"));
INSERT INTO aTablevapino (seats, available,eID) VALUES (4,true,(select eID FROM EMPLOYEE WHERE email="katev@batman.com"));


# RATING
INSERT INTO RATINGvapino (cID, stars, feedback) VALUES (2, 4,  "Great restaurant with good food and good price");
INSERT INTO RATINGvapino (cID, stars, feedback) VALUES (5, 4,  "This has been our second date at this restaurant, great experience. Will come back");
INSERT INTO RATINGvapino (cID, stars, feedback) VALUES (8, 5,  "Nice atmosphere, friendly service, great food");
INSERT INTO RATINGvapino (cID, stars, feedback) VALUES (4, 5,  "Love the soup, great flavor and good price");

# RESERVATIONS
INSERT INTO RESERVATION (tID, cID, partySize, reservationDate) VALUES (1, 2, 3, curdate());
INSERT INTO RESERVATION (tID, cID, partySize, reservationDate) VALUES (4, 5, 4, curdate());
INSERT INTO RESERVATION (tID, cID, partySize, reservationDate) VALUES (5, 7, 1, curdate());
INSERT INTO RESERVATION (tID, cID, partySize, reservationDate) VALUES (8, 1, 2, curdate());
INSERT INTO RESERVATION (tID, cID, partySize, reservationDate) VALUES (9, 4, 3, curdate());
INSERT INTO RESERVATION (tID, cID, partySize, reservationDate) VALUES (2, 3, 1, curdate()+ INTERVAL 1 DAY); #tmr
INSERT INTO RESERVATION (tID, cID, partySize, reservationDate) VALUES (7, 6, 2, curdate()+ INTERVAL 6 DAY); # 6 days from today
INSERT INTO RESERVATION (tID, cID, partySize, reservationDate) VALUES (10, 8, 4, curdate()+ INTERVAL 2 DAY); # a day after tmr
